scenario,seed,concurrency,tokens,mode,frames,block_size,submitted,completed,capacity_rejected,rejection_rate,weighted_internal_fragmentation,peak_allocated_slots,swap_in_pages,swap_out_pages
mixed,42,32,0,contiguous,8,2,32,0,32,1.0,0,0,0,0
mixed,42,32,0,paged,8,2,32,0,32,1.0,0.13636363636363635,16,0,0
mixed,42,32,0,swap,8,2,32,15,17,0.53125,0.09263657957244653,80,309,369
mixed,43,32,0,contiguous,8,2,32,0,32,1.0,0,0,0,0
mixed,43,32,0,paged,8,2,32,0,32,1.0,0.13636363636363635,16,0,0
mixed,43,32,0,swap,8,2,32,5,27,0.84375,0.07435897435897432,80,420,498
mixed,44,32,0,contiguous,8,2,32,0,32,1.0,0,0,0,0
mixed,44,32,0,paged,8,2,32,0,32,1.0,0.13636363636363635,16,0,0
mixed,44,32,0,swap,8,2,32,10,22,0.6875,0.08352668213457082,80,305,362
mixed,42,32,0,contiguous,16,2,32,2,30,0.9375,0.90625,32,0,0
mixed,42,32,0,paged,16,2,32,5,27,0.84375,0.12152777777777779,32,0,0
mixed,42,32,0,swap,16,2,32,21,11,0.34375,0.07535211267605635,96,538,610
mixed,43,32,0,contiguous,16,2,32,2,30,0.9375,0.921875,32,0,0
mixed,43,32,0,paged,16,2,32,7,25,0.78125,0.11442786069651745,32,0,0
mixed,43,32,0,swap,16,2,32,14,18,0.5625,0.07344632768361581,96,521,586
mixed,44,32,0,contiguous,16,2,32,1,31,0.96875,0.734375,32,0,0
mixed,44,32,0,paged,16,2,32,2,30,0.9375,0.08684210526315794,32,0,0
mixed,44,32,0,swap,16,2,32,12,20,0.625,0.07154088050314467,96,505,552
mixed,42,32,0,contiguous,32,2,32,4,28,0.875,0.9117647058823529,64,0,0
mixed,42,32,0,paged,32,2,32,16,16,0.5,0.08891213389121344,64,0,0
mixed,42,32,0,swap,32,2,32,25,7,0.21875,0.07050645481628603,128,744,814
mixed,43,32,0,contiguous,32,2,32,3,29,0.90625,0.846875,64,0,0
mixed,43,32,0,paged,32,2,32,10,22,0.6875,0.08021978021978027,64,0,0
mixed,43,32,0,swap,32,2,32,19,13,0.40625,0.07066950053134968,128,629,690
mixed,44,32,0,contiguous,32,2,32,2,30,0.9375,0.7089285714285714,64,0,0
mixed,44,32,0,paged,32,2,32,10,22,0.6875,0.06818181818181823,64,0,0
mixed,44,32,0,swap,32,2,32,19,13,0.40625,0.07100238663484482,128,584,617
mixed,42,32,0,contiguous,8,4,32,2,30,0.9375,0.90625,32,0,0
mixed,42,32,0,paged,8,4,32,7,25,0.78125,0.2893258426966292,32,0,0
mixed,42,32,0,swap,8,4,32,30,2,0.0625,0.18833580980683506,160,564,624
mixed,43,32,0,contiguous,8,4,32,2,30,0.9375,0.921875,32,0,0
mixed,43,32,0,paged,8,4,32,4,28,0.875,0.23983739837398377,32,0,0
mixed,43,32,0,swap,8,4,32,21,11,0.34375,0.18930390492359928,160,477,529
mixed,44,32,0,contiguous,8,4,32,1,31,0.96875,0.734375,32,0,0
mixed,44,32,0,paged,8,4,32,3,29,0.90625,0.22250000000000003,32,0,0
mixed,44,32,0,swap,8,4,32,25,7,0.21875,0.19990974729241873,160,435,490
mixed,42,32,0,contiguous,16,4,32,4,28,0.875,0.9117647058823529,64,0,0
mixed,42,32,0,paged,16,4,32,15,17,0.53125,0.2332589285714286,64,0,0
mixed,42,32,0,swap,16,4,32,32,0,0.0,0.1875,172,577,624
mixed,43,32,0,contiguous,16,4,32,3,29,0.90625,0.846875,64,0,0
mixed,43,32,0,paged,16,4,32,8,24,0.75,0.1890909090909091,64,0,0
mixed,43,32,0,swap,16,4,32,24,8,0.25,0.17734159779614322,192,564,618
mixed,44,32,0,contiguous,16,4,32,2,30,0.9375,0.7089285714285714,64,0,0
mixed,44,32,0,paged,16,4,32,10,22,0.6875,0.2421052631578947,64,0,0
mixed,44,32,0,swap,16,4,32,29,3,0.09375,0.18706293706293708,192,559,609
mixed,42,32,0,contiguous,32,4,32,6,26,0.8125,0.8610197368421053,128,0,0
mixed,42,32,0,paged,32,4,32,24,8,0.25,0.19999999999999996,128,0,0
mixed,42,32,0,swap,32,4,32,32,0,0.0,0.1875,172,398,417
mixed,43,32,0,contiguous,32,4,32,6,26,0.8125,0.8039772727272727,128,0,0
mixed,43,32,0,paged,32,4,32,17,15,0.46875,0.18168016194331982,128,0,0
mixed,43,32,0,swap,32,4,32,32,0,0.0,0.17410196987253768,232,544,576
mixed,44,32,0,contiguous,32,4,32,5,27,0.84375,0.730410447761194,128,0,0
mixed,44,32,0,paged,32,4,32,17,15,0.46875,0.18762677484787016,128,0,0
mixed,44,32,0,swap,32,4,32,32,0,0.0,0.1875,212,488,507
mixed,42,32,0,contiguous,8,8,32,4,28,0.875,0.9117647058823529,64,0,0
mixed,42,32,0,paged,8,8,32,10,22,0.6875,0.4739010989010989,64,0,0
mixed,42,32,0,swap,8,8,32,32,0,0.0,0.36567982456140347,208,378,411
mixed,43,32,0,contiguous,8,8,32,3,29,0.90625,0.846875,64,0,0
mixed,43,32,0,paged,8,8,32,8,24,0.75,0.42688679245283023,64,0,0
mixed,43,32,0,swap,8,8,32,32,0,0.0,0.34004629629629635,272,460,501
mixed,44,32,0,contiguous,8,8,32,2,30,0.9375,0.7089285714285714,64,0,0
mixed,44,32,0,paged,8,8,32,6,26,0.8125,0.40335051546391754,64,0,0
mixed,44,32,0,swap,8,8,32,32,0,0.0,0.3663522012578616,256,392,427
mixed,42,32,0,contiguous,16,8,32,6,26,0.8125,0.8610197368421053,128,0,0
mixed,42,32,0,paged,16,8,32,22,10,0.3125,0.41720085470085466,128,0,0
mixed,42,32,0,swap,16,8,32,32,0,0.0,0.36567982456140347,208,331,350
mixed,43,32,0,contiguous,16,8,32,6,26,0.8125,0.8039772727272727,128,0,0
mixed,43,32,0,paged,16,8,32,15,17,0.53125,0.3648648648648649,128,0,0
mixed,43,32,0,swap,16,8,32,32,0,0.0,0.34004629629629635,272,382,401
mixed,44,32,0,contiguous,16,8,32,5,27,0.84375,0.730410447761194,128,0,0
mixed,44,32,0,paged,16,8,32,17,15,0.46875,0.3952702702702703,128,0,0
mixed,44,32,0,swap,16,8,32,32,0,0.0,0.3663522012578616,256,355,374
mixed,42,32,0,contiguous,32,8,32,11,21,0.65625,0.8135190217391304,256,0,0
mixed,42,32,0,paged,32,8,32,32,0,0.0,0.36567982456140347,208,0,0
mixed,42,32,0,swap,32,8,32,32,0,0.0,0.36567982456140347,208,0,0
mixed,43,32,0,contiguous,32,8,32,11,21,0.65625,0.7799258474576272,256,0,0
mixed,43,32,0,paged,32,8,32,31,1,0.03125,0.34073724007561434,256,0,0
mixed,43,32,0,swap,32,8,32,32,0,0.0,0.34004629629629635,272,38,40
mixed,44,32,0,contiguous,32,8,32,9,23,0.71875,0.7580915178571428,256,0,0
mixed,44,32,0,paged,32,8,32,32,0,0.0,0.3663522012578616,256,0,0
mixed,44,32,0,swap,32,8,32,32,0,0.0,0.3663522012578616,256,0,0
capacity_sweep,0,4,8,contiguous,8,4,4,0,4,1.0,0,0,0,0
capacity_sweep,0,4,8,paged,8,4,4,4,0,0.0,0.25,32,0,0
capacity_sweep,0,4,8,swap,8,4,4,4,0,0.0,0.25,32,0,0
capacity_sweep,0,4,16,contiguous,8,4,4,0,4,1.0,0,0,0,0
capacity_sweep,0,4,16,paged,8,4,4,0,4,1.0,0.2142857142857143,32,0,0
capacity_sweep,0,4,16,swap,8,4,4,4,0,0.0,0.15000000000000002,64,103,111
capacity_sweep,0,4,32,contiguous,8,4,4,0,4,1.0,0,0,0,0
capacity_sweep,0,4,32,paged,8,4,4,0,4,1.0,0.2142857142857143,32,0,0
capacity_sweep,0,4,32,swap,8,4,4,4,0,0.0,0.08333333333333337,128,503,527
capacity_sweep,0,4,64,contiguous,8,4,4,0,4,1.0,0,0,0,0
capacity_sweep,0,4,64,paged,8,4,4,0,4,1.0,0.2142857142857143,32,0,0
capacity_sweep,0,4,64,swap,8,4,4,0,4,1.0,0.08333333333333337,144,503,531
capacity_sweep,0,8,8,contiguous,8,4,8,0,8,1.0,0,0,0,0
capacity_sweep,0,8,8,paged,8,4,8,0,8,1.0,0.30000000000000004,32,0,0
capacity_sweep,0,8,8,swap,8,4,8,8,0,0.0,0.25,64,56,64
capacity_sweep,0,8,16,contiguous,8,4,8,0,8,1.0,0,0,0,0
capacity_sweep,0,8,16,paged,8,4,8,0,8,1.0,0.30000000000000004,32,0,0
capacity_sweep,0,8,16,swap,8,4,8,8,0,0.0,0.15000000000000002,128,264,288
capacity_sweep,0,8,32,contiguous,8,4,8,0,8,1.0,0,0,0,0
capacity_sweep,0,8,32,paged,8,4,8,0,8,1.0,0.30000000000000004,32,0,0
capacity_sweep,0,8,32,swap,8,4,8,8,0,0.0,0.08333333333333337,256,1064,1120
capacity_sweep,0,8,64,contiguous,8,4,8,0,8,1.0,0,0,0,0
capacity_sweep,0,8,64,paged,8,4,8,0,8,1.0,0.30000000000000004,32,0,0
capacity_sweep,0,8,64,swap,8,4,8,0,8,1.0,0.08333333333333337,288,1064,1128
capacity_sweep,0,16,8,contiguous,8,4,16,0,16,1.0,0,0,0,0
capacity_sweep,0,16,8,paged,8,4,16,0,16,1.0,0.30000000000000004,32,0,0
capacity_sweep,0,16,8,swap,8,4,16,16,0,0.0,0.25,128,160,184
capacity_sweep,0,16,16,contiguous,8,4,16,0,16,1.0,0,0,0,0
capacity_sweep,0,16,16,paged,8,4,16,0,16,1.0,0.30000000000000004,32,0,0
capacity_sweep,0,16,16,swap,8,4,16,16,0,0.0,0.15000000000000002,256,576,632
capacity_sweep,0,16,32,contiguous,8,4,16,0,16,1.0,0,0,0,0
capacity_sweep,0,16,32,paged,8,4,16,0,16,1.0,0.30000000000000004,32,0,0
capacity_sweep,0,16,32,swap,8,4,16,8,8,0.5,0.0957446808510638,288,1376,1464
capacity_sweep,0,16,64,contiguous,8,4,16,0,16,1.0,0,0,0,0
capacity_sweep,0,16,64,paged,8,4,16,0,16,1.0,0.30000000000000004,32,0,0
capacity_sweep,0,16,64,swap,8,4,16,0,16,1.0,0.09517766497461932,288,1376,1472
capacity_sweep,0,32,8,contiguous,8,4,32,0,32,1.0,0,0,0,0
capacity_sweep,0,32,8,paged,8,4,32,0,32,1.0,0.30000000000000004,32,0,0
capacity_sweep,0,32,8,swap,8,4,32,32,0,0.0,0.25,256,320,376
capacity_sweep,0,32,16,contiguous,8,4,32,0,32,1.0,0,0,0,0
capacity_sweep,0,32,16,paged,8,4,32,0,32,1.0,0.30000000000000004,32,0,0
capacity_sweep,0,32,16,swap,8,4,32,8,24,0.75,0.18292682926829273,288,528,600
capacity_sweep,0,32,32,contiguous,8,4,32,0,32,1.0,0,0,0,0
capacity_sweep,0,32,32,paged,8,4,32,0,32,1.0,0.30000000000000004,32,0,0
capacity_sweep,0,32,32,swap,8,4,32,8,24,0.75,0.11290322580645162,288,1328,1432
capacity_sweep,0,32,64,contiguous,8,4,32,0,32,1.0,0,0,0,0
capacity_sweep,0,32,64,paged,8,4,32,0,32,1.0,0.30000000000000004,32,0,0
capacity_sweep,0,32,64,swap,8,4,32,0,32,1.0,0.11153846153846159,288,1328,1440
